episode,success_rate,avg_delay,avg_energy,timestamp
0,96.0,0.4637870848636442,0.040777105969743585,2026-04-08T11:12:18.044768
1,100.0,0.3734488046789087,0.03261591349313699,2026-04-08T11:12:18.202226
2,100.0,0.3721711477351574,0.03302941774430626,2026-04-08T11:12:18.410661
3,100.0,0.3496109058965978,0.029756384561770814,2026-04-08T11:12:18.568526
4,98.0,0.33808651188904926,0.029843042077632536,2026-04-08T11:12:18.722448
5,96.0,0.41810183380331667,0.03538799295250077,2026-04-08T11:12:18.860824
6,100.0,0.49503372071010376,0.04683982308924597,2026-04-08T11:12:19.028784
7,98.0,0.3950145730602816,0.030164989171329874,2026-04-08T11:12:19.227407
8,98.0,0.32652463280901456,0.027118736363283328,2026-04-08T11:12:19.373464
9,96.0,0.39100279790931836,0.03521486432275275,2026-04-08T11:12:19.550080
10,98.0,0.3721093125758857,0.030110299439471844,2026-04-08T11:12:19.707945
11,98.0,0.3471227175738829,0.032466685166379766,2026-04-08T11:12:19.858225
12,98.0,0.41919197499132715,0.03712070441293154,2026-04-08T11:12:20.015786
13,98.0,0.3478539348095623,0.030039959532348427,2026-04-08T11:12:20.170025
14,96.0,0.4265431056332298,0.04046960461153784,2026-04-08T11:12:20.367220
15,100.0,0.31032550627115685,0.02475586541267004,2026-04-08T11:12:20.527164
16,100.0,0.341801981444708,0.02618193102945492,2026-04-08T11:12:20.678436
17,100.0,0.3604028484989541,0.02886456023532054,2026-04-08T11:12:20.888343
18,98.0,0.3625273014460319,0.0298798569294239,2026-04-08T11:12:21.034632
19,98.0,0.41068998756606234,0.03129455017860129,2026-04-08T11:12:21.175069
20,98.0,0.3473436464037594,0.03798389666368354,2026-04-08T11:12:21.352479
21,98.0,0.31887651574789316,0.023911474929408108,2026-04-08T11:12:21.577290
22,100.0,0.35704682930128867,0.027326326584765585,2026-04-08T11:12:21.754491
23,100.0,0.3394594288098186,0.03190892535689609,2026-04-08T11:12:21.908581
24,96.0,0.38446481044071235,0.03248493008433342,2026-04-08T11:12:22.115940
25,98.0,0.3653855253218946,0.03520525926117608,2026-04-08T11:12:22.278042
26,100.0,0.36387570031000926,0.03685467816479068,2026-04-08T11:12:22.436462
27,98.0,0.41637656894327035,0.032678017067513526,2026-04-08T11:12:22.608026
28,96.0,0.39141186116309173,0.03173000863451999,2026-04-08T11:12:22.759712
29,100.0,0.4281005339995217,0.039453732257679355,2026-04-08T11:12:22.924746
30,98.0,0.34866652474233584,0.0294341910786426,2026-04-08T11:12:23.082481
31,100.0,0.36198451003398496,0.03471904831917972,2026-04-08T11:12:23.267428
32,96.0,0.35432461815961797,0.03130623599341449,2026-04-08T11:12:23.436827
33,98.0,0.3605928470041706,0.03278369244330219,2026-04-08T11:12:23.615463
34,98.0,0.3337234729393704,0.032230316134171634,2026-04-08T11:12:23.828622
35,100.0,0.3810652282279554,0.031981465912861225,2026-04-08T11:12:23.983595
36,98.0,0.4596768073667848,0.038255965131301084,2026-04-08T11:12:24.100641
37,100.0,0.39116844273130935,0.031128012769422966,2026-04-08T11:12:24.255703
38,98.0,0.3800537647126393,0.031778161210006345,2026-04-08T11:12:24.422123
39,98.0,0.3911281344839928,0.035511011979788815,2026-04-08T11:12:24.578470
40,100.0,0.34841508291638557,0.028973762093702927,2026-04-08T11:12:27.750418
41,98.0,0.37481534218834744,0.03195998306324508,2026-04-08T11:12:27.930686
42,100.0,0.31121832514744896,0.02832871614595548,2026-04-08T11:12:28.144695
43,100.0,0.3703983519111118,0.03142934887559286,2026-04-08T11:12:28.278780
44,100.0,0.34863932697102146,0.025903748852187828,2026-04-08T11:12:28.433268
45,100.0,0.3592669318860197,0.0339122037511578,2026-04-08T11:12:28.615622
46,100.0,0.376234070230115,0.028898409167380436,2026-04-08T11:12:28.811343
47,98.0,0.331889064837585,0.031124649441338796,2026-04-08T11:12:28.975014
48,96.0,0.43981597080470514,0.0390853174432277,2026-04-08T11:12:29.140966
49,98.0,0.372483477896109,0.028001138274270976,2026-04-08T11:12:29.326172
50,100.0,0.3321266340247772,0.026872550142107387,2026-04-08T11:12:29.481905
51,100.0,0.3635847390985238,0.029316693932018068,2026-04-08T11:12:29.636131
52,94.0,0.4294831946040826,0.03812935666680685,2026-04-08T11:12:29.840851
53,100.0,0.3113056654571839,0.02884584417840685,2026-04-08T11:12:29.989203
54,100.0,0.3382149782645202,0.030196388445191184,2026-04-08T11:12:30.208249
55,98.0,0.42748183326135575,0.03987024624577797,2026-04-08T11:12:30.379905
56,100.0,0.35186561252917303,0.02705423445226737,2026-04-08T11:12:30.545960
57,100.0,0.34533696550809284,0.030047389742797415,2026-04-08T11:12:30.734464
58,100.0,0.4401698529714534,0.044192013644416314,2026-04-08T11:12:30.892554
59,96.0,0.3702289774694757,0.03163268864428621,2026-04-08T11:12:31.041400
60,94.0,0.3879279092323038,0.035405227499216874,2026-04-08T11:12:31.243766
61,96.0,0.36876523798043165,0.028928208715682278,2026-04-08T11:12:31.392851
62,100.0,0.349438321770644,0.0341799619547165,2026-04-08T11:12:31.542442
63,100.0,0.3571949515697099,0.03219100803350303,2026-04-08T11:12:31.726186
64,100.0,0.32210505832724495,0.025519612586603745,2026-04-08T11:12:31.899719
65,100.0,0.3246481923270271,0.028733155995628156,2026-04-08T11:12:32.036440
66,98.0,0.32400109466901433,0.026656921202370377,2026-04-08T11:12:32.170941
67,98.0,0.3591362307648657,0.03118553222113399,2026-04-08T11:12:32.380351
68,96.0,0.4002737885108587,0.03564352530086543,2026-04-08T11:12:32.553494
69,100.0,0.32349551938910825,0.02786716080748805,2026-04-08T11:12:32.709494
70,98.0,0.38213245579233013,0.03462055995196815,2026-04-08T11:12:32.901873
71,98.0,0.49328011792317994,0.046860442214392464,2026-04-08T11:12:33.062742
72,100.0,0.35372819448018056,0.032297859019094745,2026-04-08T11:12:33.220783
73,98.0,0.34117700525869843,0.029494619309875614,2026-04-08T11:12:33.422945
74,100.0,0.2917549682797318,0.026462099535709892,2026-04-08T11:12:33.594503
75,98.0,0.36463600008043173,0.031339868345064685,2026-04-08T11:12:33.766807
76,100.0,0.3752377729016754,0.027264351210279494,2026-04-08T11:12:33.983356
77,98.0,0.37856258045097585,0.032173019715257045,2026-04-08T11:12:34.145458
78,100.0,0.36601142629454947,0.03194558964742334,2026-04-08T11:12:34.323685
79,100.0,0.4244713934555343,0.029122389295394277,2026-04-08T11:12:34.531144
80,98.0,0.38868610919207364,0.02776552415349528,2026-04-08T11:12:34.714794
81,100.0,0.3547161331486398,0.029653694903517346,2026-04-08T11:12:37.871633
82,100.0,0.29357459989526086,0.022663423878215024,2026-04-08T11:12:38.086238
83,100.0,0.35214367245620454,0.025762029757580126,2026-04-08T11:12:38.260425
84,98.0,0.35674621483721,0.03291302985087388,2026-04-08T11:12:38.463704
85,100.0,0.38423543216408185,0.038525111317173524,2026-04-08T11:12:38.725624
86,98.0,0.46012817741468637,0.04832586284339428,2026-04-08T11:12:38.912436
87,98.0,0.3425874225507932,0.025424758071630613,2026-04-08T11:12:39.112925
88,98.0,0.34489076463485313,0.028292749240611127,2026-04-08T11:12:39.323327
89,100.0,0.3806895514120776,0.033444474977651815,2026-04-08T11:12:39.505078
90,100.0,0.369223407045421,0.028700203063734508,2026-04-08T11:12:39.693246
91,96.0,0.3550913190881124,0.03487541994672675,2026-04-08T11:12:39.880613
92,96.0,0.3599261863115125,0.029691066328660018,2026-04-08T11:12:40.140942
93,98.0,0.3540992263317409,0.03614725466118722,2026-04-08T11:12:40.320122
94,98.0,0.45138405599137366,0.04319298180054715,2026-04-08T11:12:40.558746
95,100.0,0.30571497830830735,0.02032343593557818,2026-04-08T11:12:40.743880
96,98.0,0.3415130111973854,0.02648719130058033,2026-04-08T11:12:40.892671
97,100.0,0.3664735485651007,0.03325732514809736,2026-04-08T11:12:41.078889
98,100.0,0.40851409804725813,0.03573060166206263,2026-04-08T11:12:41.336684
99,98.0,0.4099539537980844,0.03353954409479766,2026-04-08T11:12:41.515516
100,94.0,0.37085819543111126,0.03590401931422325,2026-04-08T11:12:41.704781
101,98.0,0.34659594756804646,0.031817955994471764,2026-04-08T11:12:41.906667
102,98.0,0.3834218529095066,0.032154469828653234,2026-04-08T11:12:42.077254
103,100.0,0.3318686771937889,0.02824399491660241,2026-04-08T11:12:42.297498
104,98.0,0.41787039209704097,0.04236779964719621,2026-04-08T11:12:42.476263
105,98.0,0.37373966896121225,0.033603333490942675,2026-04-08T11:12:42.646602
106,100.0,0.3613714853996324,0.033230032989677485,2026-04-08T11:12:42.859760
107,94.0,0.4523970803765189,0.03806163068536939,2026-04-08T11:12:43.039209
108,100.0,0.34058584652993973,0.02842188503803309,2026-04-08T11:12:43.220881
109,100.0,0.39702245025710015,0.02971939494281101,2026-04-08T11:12:43.440671
110,100.0,0.39388870284678523,0.033979517979127155,2026-04-08T11:12:43.636149
111,100.0,0.3253982723324211,0.031551823652293184,2026-04-08T11:12:43.821077
112,98.0,0.4042237904828634,0.03467436523087868,2026-04-08T11:12:44.046165
113,98.0,0.3536317549015508,0.031421567102030215,2026-04-08T11:12:44.228617
114,100.0,0.28968522815498754,0.01858523369153815,2026-04-08T11:12:44.418711
115,100.0,0.40097636484256827,0.033786677510878306,2026-04-08T11:12:44.611350
116,98.0,0.5092688178859103,0.044300244857443986,2026-04-08T11:12:44.783874
117,98.0,0.3644402414128551,0.03373075049115987,2026-04-08T11:12:44.966241
118,100.0,0.36125278376362036,0.035369200583365214,2026-04-08T11:12:45.178437
119,98.0,0.35262572799624564,0.030495899662235194,2026-04-08T11:12:45.318816
120,100.0,0.2974176100541159,0.02245585442933645,2026-04-08T11:12:45.489222
121,98.0,0.3579331532852821,0.034899359888431895,2026-04-08T11:12:45.716157
122,98.0,0.33480771048274044,0.02734807919191032,2026-04-08T11:12:48.692331
123,98.0,0.4225017365595595,0.036965382732999236,2026-04-08T11:12:48.880553
124,100.0,0.36636572323953376,0.030797920280142155,2026-04-08T11:12:49.063937
125,100.0,0.34908542205384885,0.026103766912946216,2026-04-08T11:12:49.312782
126,98.0,0.4135203470812273,0.03524184945340854,2026-04-08T11:12:49.501935
127,98.0,0.34743793691019037,0.03108089872115307,2026-04-08T11:12:49.717255
128,96.0,0.4465175284098114,0.0340713708850304,2026-04-08T11:12:49.877637
129,98.0,0.35788318561517235,0.030291549099606407,2026-04-08T11:12:50.059437
130,100.0,0.34888428366892194,0.029934069722888687,2026-04-08T11:12:50.240017
131,100.0,0.3725806332727536,0.031457254519493466,2026-04-08T11:12:50.472107
132,100.0,0.3491472284306091,0.026953278409928113,2026-04-08T11:12:50.649689
133,98.0,0.3437213024740381,0.02994747745288169,2026-04-08T11:12:50.840191
134,96.0,0.38651276964444037,0.03629634901975083,2026-04-08T11:12:51.062755
135,98.0,0.4210393672821192,0.037575998661369785,2026-04-08T11:12:51.240979
136,100.0,0.37762910941466105,0.03366457714010906,2026-04-08T11:12:51.441668
137,98.0,0.36349233103813305,0.02828176463692597,2026-04-08T11:12:51.675563
138,98.0,0.456069441322168,0.039241246583278086,2026-04-08T11:12:51.858471
139,96.0,0.3825307679854271,0.03109617546762264,2026-04-08T11:12:52.061722
140,96.0,0.36825157958346594,0.03307206846503258,2026-04-08T11:12:52.286428
141,96.0,0.39520448143229947,0.03584528148319144,2026-04-08T11:12:52.463216
142,100.0,0.30654248506093523,0.02592879239680062,2026-04-08T11:12:52.646229
143,100.0,0.352377465612805,0.029999127229983612,2026-04-08T11:12:52.867344
144,98.0,0.3230765336365842,0.028627927962450644,2026-04-08T11:12:53.048075
145,100.0,0.35397743326549813,0.030012656553641097,2026-04-08T11:12:53.259858
146,98.0,0.3339880637347275,0.030758685969477922,2026-04-08T11:12:53.434256
147,100.0,0.32356026052879083,0.02987515606361897,2026-04-08T11:12:53.612730
148,98.0,0.3714783277680309,0.03181503610212087,2026-04-08T11:12:53.829157
149,100.0,0.32802877928460517,0.029551526537738487,2026-04-08T11:12:54.008151
150,100.0,0.3373670065557682,0.028213329275021345,2026-04-08T11:12:54.178497
151,98.0,0.4433812378274976,0.03825550128343224,2026-04-08T11:12:54.334505
152,100.0,0.31524565876049476,0.024295675885802753,2026-04-08T11:12:54.556996
153,98.0,0.32067642436045934,0.027230974207813115,2026-04-08T11:12:54.736220
154,98.0,0.3268890157431102,0.025363205352106434,2026-04-08T11:12:54.942289
155,98.0,0.3772313759308929,0.0335998424976318,2026-04-08T11:12:55.130341
156,98.0,0.3957034616655433,0.035417041043999675,2026-04-08T11:12:55.309323
157,98.0,0.342648496141996,0.026826757120856203,2026-04-08T11:12:55.546351
158,94.0,0.384241391529589,0.035509372240171,2026-04-08T11:12:55.728346
159,100.0,0.4462168070400317,0.03874266699189421,2026-04-08T11:12:55.920506
160,94.0,0.4133336933929106,0.03460480302700002,2026-04-08T11:12:56.122670
161,100.0,0.3812892441265212,0.0364823221608306,2026-04-08T11:12:56.305010
162,100.0,0.3130889948301482,0.026148544826954043,2026-04-08T11:12:56.484563
163,100.0,0.34281894680134534,0.025792299281239165,2026-04-08T11:12:59.573706
164,98.0,0.3453733521273517,0.03252513381794958,2026-04-08T11:12:59.774304
165,98.0,0.37293188738939803,0.028214516187452517,2026-04-08T11:12:59.947254
166,100.0,0.4401675553268338,0.03679641237414993,2026-04-08T11:13:00.133231
167,98.0,0.39286403004168946,0.03227510204204373,2026-04-08T11:13:00.334452
168,98.0,0.37084838263624903,0.03171492172622838,2026-04-08T11:13:00.516275
169,98.0,0.43987350603783076,0.038589851222730745,2026-04-08T11:13:00.742596
170,100.0,0.3945206550290876,0.03643347943330044,2026-04-08T11:13:00.913683
171,98.0,0.3332181689864405,0.02845888118955956,2026-04-08T11:13:01.100890
172,98.0,0.37143084999774895,0.02737782916555403,2026-04-08T11:13:01.317821
173,100.0,0.3110198280370118,0.033220310553885836,2026-04-08T11:13:01.486886
174,96.0,0.4047032172118047,0.03586723636375083,2026-04-08T11:13:01.660815
175,100.0,0.3477068064855681,0.03043614904177891,2026-04-08T11:13:01.887406
176,100.0,0.3374181837873764,0.027163257246044906,2026-04-08T11:13:02.056412
177,100.0,0.4019543309716419,0.035147832631399936,2026-04-08T11:13:02.278981
178,96.0,0.4180598983267433,0.03563119136590223,2026-04-08T11:13:02.470336
179,100.0,0.3762879776614343,0.024872628593255675,2026-04-08T11:13:02.655536
180,98.0,0.3292393229242558,0.027600973493617738,2026-04-08T11:13:02.834849
181,98.0,0.3544763423143194,0.02776095660312037,2026-04-08T11:13:03.039696
182,98.0,0.42814226248248816,0.039479030009384325,2026-04-08T11:13:03.242116
183,100.0,0.33279774146357477,0.028967536571745355,2026-04-08T11:13:03.414459
184,96.0,0.38505008852179734,0.033817816537409714,2026-04-08T11:13:03.620512
185,98.0,0.3979619574316213,0.04160575314747521,2026-04-08T11:13:03.803411
186,100.0,0.39371066895481016,0.03730675969749069,2026-04-08T11:13:03.984198
187,98.0,0.3772530744487803,0.027006745202868988,2026-04-08T11:13:04.207947
188,98.0,0.40273540001368024,0.0330940483433655,2026-04-08T11:13:04.393958
189,100.0,0.3814466080730097,0.027666933240820802,2026-04-08T11:13:04.563847
190,100.0,0.420725374059988,0.04189273184390185,2026-04-08T11:13:04.781828
191,100.0,0.36510741127168655,0.038512236945956436,2026-04-08T11:13:04.967310
192,98.0,0.39925110570843425,0.03584998744816519,2026-04-08T11:13:05.152671
193,96.0,0.32937633268573946,0.03112391738425074,2026-04-08T11:13:05.356590
194,100.0,0.31120393148463005,0.025927296091839767,2026-04-08T11:13:05.540637
195,100.0,0.3775464569686398,0.03417994438996439,2026-04-08T11:13:05.720864
196,98.0,0.4627574611092619,0.03876297527870251,2026-04-08T11:13:05.940168
197,100.0,0.4069375611090169,0.03662885310726324,2026-04-08T11:13:06.118220
198,96.0,0.412706553586002,0.03960301332103292,2026-04-08T11:13:06.330844
199,100.0,0.3754238533736043,0.028209835071320754,2026-04-08T11:13:06.530751
200,98.0,0.3458106033992632,0.031075470584574483,2026-04-08T11:13:06.705940
201,100.0,0.34825324304394584,0.030886078311575412,2026-04-08T11:13:06.932132
202,98.0,0.30314320027787534,0.02384608900100902,2026-04-08T11:13:07.121389
203,100.0,0.3672883787396482,0.028089114457955228,2026-04-08T11:13:07.301731
204,100.0,0.39434075044861894,0.036771421006691625,2026-04-08T11:13:10.359939
205,98.0,0.36780958511961387,0.03146529554005871,2026-04-08T11:13:10.576984
206,98.0,0.3765080679558017,0.02781597178165625,2026-04-08T11:13:10.767333
207,98.0,0.35769153574461504,0.028463330485199303,2026-04-08T11:13:10.957592
208,94.0,0.44934004259828775,0.03714035872456146,2026-04-08T11:13:11.162229
209,96.0,0.36319933196237303,0.03182861907544171,2026-04-08T11:13:11.340374
210,100.0,0.34274975630691157,0.02993236767923073,2026-04-08T11:13:11.512946
211,96.0,0.3727964486933987,0.03485427087974981,2026-04-08T11:13:11.748776
212,96.0,0.3638735353679057,0.030952973143377315,2026-04-08T11:13:11.942313
213,100.0,0.33552574957987047,0.028813424011455795,2026-04-08T11:13:12.119781
214,98.0,0.3929796029431836,0.035245346501414095,2026-04-08T11:13:12.384029
215,100.0,0.36695744492167626,0.029639270574610337,2026-04-08T11:13:12.624105
216,100.0,0.35898673166839323,0.03259692108361987,2026-04-08T11:13:12.880681
217,100.0,0.37605060711966465,0.034236493762967245,2026-04-08T11:13:13.089180
218,98.0,0.4704651205289436,0.04220411083883477,2026-04-08T11:13:13.280516
219,98.0,0.40539150947911445,0.037694096817927146,2026-04-08T11:13:13.507700
220,96.0,0.35340543575212907,0.025475133565304252,2026-04-08T11:13:13.704542
221,98.0,0.3593248151658316,0.028829970065465678,2026-04-08T11:13:13.911039
222,100.0,0.3125592952010665,0.024807326496227036,2026-04-08T11:13:14.195985
223,100.0,0.3353869388076277,0.02848565407176162,2026-04-08T11:13:14.428815
224,96.0,0.3180596467324569,0.0267885368734568,2026-04-08T11:13:14.642149
225,100.0,0.34904660685834676,0.031831065273766945,2026-04-08T11:13:14.823335
226,98.0,0.3318424417935348,0.02805826123482935,2026-04-08T11:13:15.059348
227,100.0,0.3209428874083222,0.033413055220191425,2026-04-08T11:13:15.240222
228,100.0,0.36961508744251703,0.03525818681207906,2026-04-08T11:13:15.438587
229,100.0,0.29104911281378326,0.020498305806072436,2026-04-08T11:13:15.727827
230,100.0,0.35819810621781284,0.032079780414071744,2026-04-08T11:13:15.942173
231,100.0,0.3817825802974281,0.03148215390041076,2026-04-08T11:13:16.174191
232,98.0,0.33215009055595196,0.02915242780712338,2026-04-08T11:13:16.481807
233,98.0,0.35548804618580987,0.030685317688548572,2026-04-08T11:13:16.723365
234,98.0,0.3276342753201758,0.027213970074229436,2026-04-08T11:13:16.947932
235,98.0,0.36025313509949364,0.02956012563175374,2026-04-08T11:13:17.225012
236,96.0,0.4074144691087016,0.037233041713294696,2026-04-08T11:13:17.434724
237,98.0,0.37835485711059774,0.032751027273714484,2026-04-08T11:13:17.676369
238,100.0,0.3668660989168589,0.030109981313044636,2026-04-08T11:13:17.963422
239,98.0,0.4076338745135407,0.034335213266115744,2026-04-08T11:13:18.203651
240,96.0,0.4084237837430272,0.032503145558743424,2026-04-08T11:13:18.424397
241,100.0,0.37412859707269935,0.03711134211483657,2026-04-08T11:13:18.733643
242,100.0,0.315623605687312,0.0268905041839878,2026-04-08T11:13:18.977854
243,100.0,0.36972818324827544,0.03173650853683989,2026-04-08T11:13:19.287988
244,98.0,0.3182615059647404,0.02621261892846275,2026-04-08T11:13:19.517710
245,98.0,0.38744081025997024,0.03152254994314772,2026-04-08T11:13:23.226984
246,100.0,0.44333213712947983,0.032936925615077814,2026-04-08T11:13:23.474270
247,98.0,0.37571035031661915,0.03026651165667274,2026-04-08T11:13:23.720211
248,100.0,0.3341393434003195,0.024856421314511407,2026-04-08T11:13:23.925440
249,98.0,0.408986830748748,0.034038265789335984,2026-04-08T11:13:24.108139
250,98.0,0.3749648461228238,0.03206191157518742,2026-04-08T11:13:24.377511
251,98.0,0.35488241850223134,0.031231284439484884,2026-04-08T11:13:24.556846
252,100.0,0.4141742938421638,0.034796408645419864,2026-04-08T11:13:24.740940
253,100.0,0.31272732876688425,0.02895725639034376,2026-04-08T11:13:24.946725
254,100.0,0.3372591460828336,0.025542879374176368,2026-04-08T11:13:25.127807
255,100.0,0.32219733689375474,0.025922144480487127,2026-04-08T11:13:25.369556
256,100.0,0.3122584733051308,0.019369114777146864,2026-04-08T11:13:25.571812
257,100.0,0.4393626164626358,0.04037897750872155,2026-04-08T11:13:25.756569
258,96.0,0.3977189952767941,0.03640832278480476,2026-04-08T11:13:25.971141
259,96.0,0.44900452443629374,0.03772222614170264,2026-04-08T11:13:26.159322
260,100.0,0.3060353005043907,0.0221746394090084,2026-04-08T11:13:26.351488
261,100.0,0.3541616954797626,0.029282568606129496,2026-04-08T11:13:26.581995
262,100.0,0.3867643113652525,0.03363854582875159,2026-04-08T11:13:26.782485
263,100.0,0.31701717958432696,0.030226073810612774,2026-04-08T11:13:26.971961
264,100.0,0.38639347284946574,0.03174362246375749,2026-04-08T11:13:27.191010
265,96.0,0.3531715833173212,0.02911833744804138,2026-04-08T11:13:27.363722
266,100.0,0.3789349456732687,0.03607293365640922,2026-04-08T11:13:27.579738
267,96.0,0.45133809711936296,0.03672033777399035,2026-04-08T11:13:27.810879
268,100.0,0.38750536924319845,0.03343650161835531,2026-04-08T11:13:28.037377
269,100.0,0.4044660745517272,0.03537514658578582,2026-04-08T11:13:28.232673
270,98.0,0.34229197091548835,0.031072640093686488,2026-04-08T11:13:28.483640
271,100.0,0.3890581017496657,0.0340210739140546,2026-04-08T11:13:28.665225
272,96.0,0.4162371689839117,0.03853462302009746,2026-04-08T11:13:28.852029
273,98.0,0.34821765890083856,0.028508510078327155,2026-04-08T11:13:29.100498
274,100.0,0.32627058929525043,0.02901901843982292,2026-04-08T11:13:29.305269
275,98.0,0.4108483350730747,0.03957080913271157,2026-04-08T11:13:29.494197
276,96.0,0.49550552961381356,0.039644728297358704,2026-04-08T11:13:29.737435
277,100.0,0.4042588318454711,0.033735575315142145,2026-04-08T11:13:29.925818
278,98.0,0.3849802320329358,0.03438346908381471,2026-04-08T11:13:30.135097
279,100.0,0.3525270773130395,0.028971482952482565,2026-04-08T11:13:30.396272
280,98.0,0.3348283731183567,0.029831637247314698,2026-04-08T11:13:30.597875
281,100.0,0.33700139107338345,0.03139988772551195,2026-04-08T11:13:30.826448
282,98.0,0.35596916042064164,0.03300878151558257,2026-04-08T11:13:31.014028
283,100.0,0.4049610183051181,0.036324200373563244,2026-04-08T11:13:31.233234
284,100.0,0.387043162960322,0.03729398960012636,2026-04-08T11:13:31.456993
285,98.0,0.37835428159826096,0.03338855669513474,2026-04-08T11:13:31.649556
286,98.0,0.3836571812317024,0.028892298892923936,2026-04-08T11:13:34.757307
287,100.0,0.3473652264005556,0.031082228138071422,2026-04-08T11:13:34.968025
288,96.0,0.43103986730654453,0.0374663286353678,2026-04-08T11:13:35.203092
289,100.0,0.3215092158920248,0.025734629768954652,2026-04-08T11:13:35.588946
290,100.0,0.3359652283331234,0.028568253030626396,2026-04-08T11:13:35.869888
291,98.0,0.40850595802337125,0.03493663454476817,2026-04-08T11:13:36.084422
292,98.0,0.3660575915491952,0.03222481979466032,2026-04-08T11:13:36.280036
293,100.0,0.3554251250659447,0.029257430809948325,2026-04-08T11:13:36.521574
294,96.0,0.3711102888452701,0.028963387934004645,2026-04-08T11:13:36.833483
295,100.0,0.38631107352030164,0.032872635349686756,2026-04-08T11:13:37.100042
296,100.0,0.36100101926305905,0.032258937421439836,2026-04-08T11:13:37.321238
297,100.0,0.32469808855248333,0.028846796715774826,2026-04-08T11:13:37.570406
298,98.0,0.4784430061752936,0.04016356288534057,2026-04-08T11:13:37.791458
299,98.0,0.3732100539842913,0.030861986208968094,2026-04-08T11:13:38.002471
300,98.0,0.35297336878090696,0.027263291873139937,2026-04-08T11:13:38.203495
301,98.0,0.369282012432053,0.03387398027399501,2026-04-08T11:13:38.397960
302,100.0,0.3319456311361389,0.02804202313935305,2026-04-08T11:13:38.593820
303,100.0,0.35171339101045623,0.03305572367339818,2026-04-08T11:13:38.767951
304,98.0,0.30353530082893737,0.026735284027223475,2026-04-08T11:13:38.963852
305,100.0,0.3386054188730972,0.027621936947138673,2026-04-08T11:13:39.132022
306,98.0,0.3599432747272454,0.03270444400002657,2026-04-08T11:13:39.317013
307,100.0,0.29777437040085536,0.026117505134549912,2026-04-08T11:13:39.502875
308,100.0,0.37234613544591655,0.028730942408447663,2026-04-08T11:13:39.737399
309,100.0,0.3078196900743862,0.026515820127971747,2026-04-08T11:13:39.922374
310,96.0,0.3920119495455418,0.040811788089014464,2026-04-08T11:13:40.108562
311,98.0,0.3876515631258273,0.03267185374675843,2026-04-08T11:13:40.293866
312,98.0,0.37121777258664446,0.03438678508603089,2026-04-08T11:13:40.469364
313,100.0,0.302927544336153,0.026442260240438914,2026-04-08T11:13:40.728859
314,96.0,0.34825256697405427,0.028296114084860567,2026-04-08T11:13:40.913185
315,98.0,0.3381792968029479,0.02640824418539638,2026-04-08T11:13:41.114582
316,100.0,0.32773241603298947,0.027022257216210325,2026-04-08T11:13:41.311744
317,94.0,0.39635604523653806,0.033838658990051076,2026-04-08T11:13:41.493340
318,100.0,0.3547972559367896,0.025389443713935998,2026-04-08T11:13:41.702475
319,100.0,0.40163421250190656,0.03130937276213805,2026-04-08T11:13:41.887562
320,98.0,0.4234144886237629,0.036998538514427776,2026-04-08T11:13:42.088598
321,100.0,0.3445937151136522,0.028362346245562525,2026-04-08T11:13:42.291007
322,100.0,0.3256703775100736,0.029019198030729495,2026-04-08T11:13:42.483255
323,100.0,0.37642678690298054,0.03131606367148773,2026-04-08T11:13:42.662623
324,96.0,0.3295228431778998,0.029063015980934356,2026-04-08T11:13:42.891353
325,98.0,0.3566082005550916,0.029833264186063486,2026-04-08T11:13:43.092052
326,100.0,0.45448594730063113,0.03897814823276097,2026-04-08T11:13:43.279352
327,98.0,0.3995485752648957,0.03586327134168532,2026-04-08T11:13:46.325055
328,96.0,0.3381445204317978,0.02578851190603076,2026-04-08T11:13:46.510511
329,100.0,0.3675985293006857,0.031564265829547765,2026-04-08T11:13:46.733436
330,96.0,0.4150894365204975,0.037425512589171823,2026-04-08T11:13:46.909201
331,100.0,0.3364393780348642,0.027878431949399304,2026-04-08T11:13:47.094939
332,98.0,0.39267362299207065,0.03455925535601798,2026-04-08T11:13:47.281890
333,100.0,0.3334832527665199,0.03119381230451764,2026-04-08T11:13:47.498499
334,98.0,0.3849691737421046,0.032265754948862774,2026-04-08T11:13:47.689508
335,100.0,0.30517227892350923,0.023518573004147593,2026-04-08T11:13:47.869778
336,100.0,0.31656466970091607,0.022350847031278816,2026-04-08T11:13:48.073030
337,100.0,0.3966592583626,0.03540554915559463,2026-04-08T11:13:48.257194
338,98.0,0.39434074112851464,0.03232351247769168,2026-04-08T11:13:48.432721
339,96.0,0.3925043494093457,0.03059404130703401,2026-04-08T11:13:48.611824
340,98.0,0.3663885356358804,0.03618522068448344,2026-04-08T11:13:48.839000
341,100.0,0.3258631164759618,0.028197376266109683,2026-04-08T11:13:49.004229
342,98.0,0.3981779373150345,0.03040471822358621,2026-04-08T11:13:49.183523
343,100.0,0.34264429197484875,0.03108343859457292,2026-04-08T11:13:49.386910
344,98.0,0.4026638111480926,0.038438730891873135,2026-04-08T11:13:49.571058
345,98.0,0.32182358310938824,0.024442608972168673,2026-04-08T11:13:49.736437
346,100.0,0.35797277660968596,0.03088067106457209,2026-04-08T11:13:49.933610
347,94.0,0.45844651454658103,0.039789460209241144,2026-04-08T11:13:50.126232
348,98.0,0.40444777674914034,0.03236528230353806,2026-04-08T11:13:50.399760
349,100.0,0.3747804606645743,0.029062472526647096,2026-04-08T11:13:50.639673
350,98.0,0.3999731319485347,0.03938680493196949,2026-04-08T11:13:50.821991
351,100.0,0.3265224329918901,0.027365110963825563,2026-04-08T11:13:51.007631
352,100.0,0.37401691092377254,0.032301894494274015,2026-04-08T11:13:51.246499
353,98.0,0.335337182850694,0.033151288753181206,2026-04-08T11:13:51.429558
354,100.0,0.3156599238532362,0.026836511405446115,2026-04-08T11:13:51.610527
355,100.0,0.36034460189159795,0.031697692650428884,2026-04-08T11:13:51.870220
356,98.0,0.46561199189738595,0.0375647454050626,2026-04-08T11:13:52.061697
357,100.0,0.3702538776417429,0.02870637470408745,2026-04-08T11:13:52.285045
358,100.0,0.3463765958154054,0.030661034414571752,2026-04-08T11:13:52.456616
359,100.0,0.38709652716126575,0.033141515432901565,2026-04-08T11:13:52.677788
360,100.0,0.3403209279509507,0.027566523790204432,2026-04-08T11:13:52.864617
361,100.0,0.3528254153374016,0.02703392170474455,2026-04-08T11:13:53.036544
362,98.0,0.3209992971030237,0.030149611003831064,2026-04-08T11:13:53.214049
363,98.0,0.3810217094099555,0.03169249665687619,2026-04-08T11:13:53.444861
364,100.0,0.39671450087797283,0.034891300685069064,2026-04-08T11:13:53.620479
365,100.0,0.407307897981119,0.03640621787242176,2026-04-08T11:13:53.795734
366,98.0,0.4296269839265074,0.036482514248371414,2026-04-08T11:13:54.008295
367,100.0,0.3672689441297195,0.029534698889063297,2026-04-08T11:13:54.195225
368,98.0,0.4372115232507923,0.032940074438357336,2026-04-08T11:13:57.305803
369,98.0,0.373677443208263,0.03120995627903185,2026-04-08T11:13:57.538486
370,100.0,0.3404217354214636,0.030870182544460487,2026-04-08T11:13:57.721295
371,98.0,0.35266917072016624,0.02836787877974364,2026-04-08T11:13:57.887680
372,98.0,0.3860478114615398,0.03247831270542928,2026-04-08T11:13:58.121869
373,100.0,0.305383693138647,0.02247120756179,2026-04-08T11:13:58.307930
374,98.0,0.37914392805510455,0.03484030404186169,2026-04-08T11:13:58.493187
375,96.0,0.45858981368475926,0.04249283094553757,2026-04-08T11:13:58.679963
376,100.0,0.39071068623721156,0.03190453601815243,2026-04-08T11:13:58.913831
377,100.0,0.3723732560264207,0.03602119678611242,2026-04-08T11:13:59.095622
378,98.0,0.4722190262933067,0.04182807488215663,2026-04-08T11:13:59.279388
379,98.0,0.3912138969879653,0.0315384508923439,2026-04-08T11:13:59.469877
380,96.0,0.3645366848587138,0.034079666884098574,2026-04-08T11:13:59.694994
381,94.0,0.3942687697906433,0.03441849524432364,2026-04-08T11:13:59.892592
382,100.0,0.3543901200082968,0.0316952529072804,2026-04-08T11:14:00.083819
383,98.0,0.3530874411748254,0.026665808838930393,2026-04-08T11:14:00.332576
384,96.0,0.35250143405358053,0.03451573553871158,2026-04-08T11:14:00.479413
385,100.0,0.33373762795079875,0.03095794571727609,2026-04-08T11:14:00.662226
386,100.0,0.32710451117093414,0.024123584646005905,2026-04-08T11:14:00.854374
387,100.0,0.2775177263976165,0.021923338862880445,2026-04-08T11:14:01.101407
388,98.0,0.3382741453744278,0.024943585061673944,2026-04-08T11:14:01.294754
389,100.0,0.31206088327170783,0.026398601116385128,2026-04-08T11:14:01.515459
390,98.0,0.37811358567729814,0.034312892752616196,2026-04-08T11:14:01.706725
391,98.0,0.4202169028870687,0.034204332629957514,2026-04-08T11:14:01.890880
392,100.0,0.3648525520418244,0.03421741320197532,2026-04-08T11:14:02.059578
393,98.0,0.32746667066440316,0.02717765525858884,2026-04-08T11:14:02.256871
394,100.0,0.3283450141561889,0.031135755621445264,2026-04-08T11:14:02.477791
395,100.0,0.3604845274916863,0.02917611897165326,2026-04-08T11:14:02.657104
396,98.0,0.3760491088621677,0.03224268633033029,2026-04-08T11:14:02.854073
397,92.0,0.3761293050035549,0.036515948501127854,2026-04-08T11:14:03.056422
398,100.0,0.3553648276719836,0.03220742197600969,2026-04-08T11:14:03.258946
399,100.0,0.39819253395349585,0.03364833001159029,2026-04-08T11:14:03.489255
400,96.0,0.4156195871663335,0.03515434300867418,2026-04-08T11:14:03.693593
401,100.0,0.3541408383900827,0.02929687010173683,2026-04-08T11:14:03.883147
402,100.0,0.3429038133227803,0.028572883170877795,2026-04-08T11:14:04.066840
403,98.0,0.3544658343450088,0.029783007913493805,2026-04-08T11:14:04.286586
404,98.0,0.3393862943640854,0.03376684996684489,2026-04-08T11:14:04.472673
405,96.0,0.3286824656756485,0.02410601009960557,2026-04-08T11:14:04.647293
406,98.0,0.449611010634322,0.03873789857264248,2026-04-08T11:14:04.850725
407,98.0,0.39367703397638193,0.03118438481792683,2026-04-08T11:14:05.042205
408,98.0,0.32334029819311405,0.0235116117717167,2026-04-08T11:14:05.234227
409,100.0,0.34788097020338354,0.025208668834003814,2026-04-08T11:14:08.337203
410,98.0,0.4352161478585521,0.03926646720174712,2026-04-08T11:14:08.554405
411,98.0,0.29607096664947047,0.023444062466765118,2026-04-08T11:14:08.745164
412,100.0,0.4031694655140484,0.03607723030954632,2026-04-08T11:14:08.941992
413,98.0,0.33803998858781736,0.033355343633572926,2026-04-08T11:14:09.172807
414,96.0,0.38919508768845534,0.03198524632787126,2026-04-08T11:14:09.360115
415,98.0,0.3342044124252389,0.028062113844934643,2026-04-08T11:14:09.549125
416,100.0,0.3091348426226781,0.025963245131111826,2026-04-08T11:14:09.791613
417,100.0,0.3670008341193607,0.032873116319408806,2026-04-08T11:14:09.979265
418,100.0,0.37849373064669395,0.03350345562492166,2026-04-08T11:14:10.164249
419,94.0,0.4297212615274903,0.033630721726830265,2026-04-08T11:14:10.363275
420,98.0,0.3171868911309778,0.026433791203301794,2026-04-08T11:14:10.607856
421,100.0,0.32946851461277904,0.026381643980991142,2026-04-08T11:14:10.778250
422,100.0,0.39892316214222484,0.032219841742174155,2026-04-08T11:14:10.953153
423,100.0,0.3261148922833877,0.03027068490439105,2026-04-08T11:14:11.133895
424,98.0,0.41527717896804645,0.038406710146777524,2026-04-08T11:14:11.363142
425,98.0,0.3800408213595642,0.034123535260617496,2026-04-08T11:14:11.563032
426,100.0,0.41981240412025933,0.03973606755550042,2026-04-08T11:14:11.758826
427,98.0,0.4002615989362649,0.03324070054659843,2026-04-08T11:14:12.015956
428,98.0,0.4672040480066716,0.04236354338894695,2026-04-08T11:14:12.202079
429,100.0,0.3801097674570357,0.033726150990584715,2026-04-08T11:14:12.384511
430,100.0,0.37945987277316445,0.027035454693081152,2026-04-08T11:14:12.567543
431,98.0,0.36538323620572905,0.032639652309779284,2026-04-08T11:14:12.792710
432,98.0,0.3623881716902607,0.027225149466896973,2026-04-08T11:14:12.977001
433,98.0,0.35188871868830146,0.03108398312252741,2026-04-08T11:14:13.162881
434,100.0,0.33142896560029,0.0257857855788476,2026-04-08T11:14:13.341970
435,100.0,0.35138653851374835,0.03049090197245051,2026-04-08T11:14:13.535011
436,98.0,0.44204677715390617,0.035960310319245285,2026-04-08T11:14:13.742485
437,100.0,0.33801933826314345,0.02677633061761167,2026-04-08T11:14:13.916459
438,98.0,0.38061972462983185,0.03281605780942504,2026-04-08T11:14:14.124385
439,98.0,0.3692269366057699,0.02911788213677381,2026-04-08T11:14:14.350476
440,100.0,0.3495481359337886,0.030872715292300533,2026-04-08T11:14:14.537680
441,100.0,0.354599265285867,0.031800717605987426,2026-04-08T11:14:14.730841
442,98.0,0.3226958901184702,0.030159768455483942,2026-04-08T11:14:14.938550
443,100.0,0.3703780083999697,0.02973376686062863,2026-04-08T11:14:15.161495
444,100.0,0.33669393006998527,0.022399280391563425,2026-04-08T11:14:15.359874
445,100.0,0.35960672672153554,0.030165701055149322,2026-04-08T11:14:15.540194
446,100.0,0.3685612187716705,0.029078071306345554,2026-04-08T11:14:15.714842
447,98.0,0.3355650813159754,0.029034222865173348,2026-04-08T11:14:15.894104
448,100.0,0.44317751467193234,0.03986477055654683,2026-04-08T11:14:16.111114
449,98.0,0.3635007250000759,0.029241387353890126,2026-04-08T11:14:16.309629
450,100.0,0.33386721734994596,0.027255113505583337,2026-04-08T11:14:19.748962
451,98.0,0.41930523173496687,0.035069721153776254,2026-04-08T11:14:19.941546
452,98.0,0.3970617629215608,0.03492751146328252,2026-04-08T11:14:20.131038
453,98.0,0.3154244599972398,0.026415023860342276,2026-04-08T11:14:20.322447
454,98.0,0.35582143801701777,0.028877293042075747,2026-04-08T11:14:20.557722
455,96.0,0.409588501825877,0.0379623086041412,2026-04-08T11:14:20.765895
456,100.0,0.3629885935572927,0.028855505511605983,2026-04-08T11:14:20.962238
457,100.0,0.3460063282796502,0.03326680249330007,2026-04-08T11:14:21.191427
458,100.0,0.45654653457050814,0.037654714981490055,2026-04-08T11:14:21.384923
459,98.0,0.4304575334625778,0.03783146896493295,2026-04-08T11:14:21.567162
460,92.0,0.4147991003254647,0.041262556350802324,2026-04-08T11:14:21.770483
461,98.0,0.392290267759805,0.03342800015618625,2026-04-08T11:14:22.002027
462,100.0,0.30874198114614965,0.023092279171244914,2026-04-08T11:14:22.195599
463,96.0,0.3424857795052121,0.030771659750484653,2026-04-08T11:14:22.395113
464,98.0,0.3127360463069105,0.0262069423437149,2026-04-08T11:14:22.588318
465,100.0,0.32295244074739243,0.0284970396475505,2026-04-08T11:14:22.825618
466,100.0,0.327607630482004,0.029919322318653546,2026-04-08T11:14:23.044076
467,100.0,0.3126375906480037,0.028932057103590796,2026-04-08T11:14:23.200522
468,98.0,0.3462932260997804,0.026473553844304002,2026-04-08T11:14:23.384782
469,100.0,0.3157978301808289,0.028392988014569395,2026-04-08T11:14:23.626781
470,98.0,0.3853981218270762,0.03460905443515258,2026-04-08T11:14:23.827993
471,98.0,0.4342879974682824,0.03580000874320148,2026-04-08T11:14:24.003891
472,98.0,0.3422978187782666,0.03308346975327784,2026-04-08T11:14:24.218043
473,100.0,0.27619906139916867,0.020914761254111958,2026-04-08T11:14:24.463488
474,98.0,0.3203492019325055,0.029844643732575785,2026-04-08T11:14:24.699297
475,98.0,0.4015065735703303,0.0350382128733754,2026-04-08T11:14:24.904679
476,96.0,0.3787135412590961,0.032255817739095145,2026-04-08T11:14:25.112058
477,98.0,0.3696331119836343,0.03526942618176983,2026-04-08T11:14:25.344524
478,96.0,0.3938817060357275,0.034155141949779755,2026-04-08T11:14:25.533089
479,100.0,0.3804501067417185,0.03043524740498385,2026-04-08T11:14:25.733432
480,96.0,0.4256306880631538,0.04003675323159325,2026-04-08T11:14:25.963158
481,100.0,0.35029888036796825,0.03001087987224698,2026-04-08T11:14:26.160345
482,100.0,0.33588708204305634,0.03125145504178952,2026-04-08T11:14:26.349571
483,98.0,0.36247234225088804,0.035218650768322285,2026-04-08T11:14:26.550065
484,98.0,0.34490253687525935,0.030803087319958847,2026-04-08T11:14:26.746394
485,98.0,0.3726169410470487,0.02898155159965369,2026-04-08T11:14:26.979638
486,100.0,0.4279715259882717,0.03218588803046161,2026-04-08T11:14:27.171925
487,98.0,0.4119034269291225,0.03617491691960942,2026-04-08T11:14:27.388304
488,98.0,0.36066137566768125,0.033213882915403635,2026-04-08T11:14:27.653704
489,100.0,0.36971308325556196,0.029594180582538182,2026-04-08T11:14:27.866999
490,98.0,0.4100126551256188,0.0328910871161038,2026-04-08T11:14:28.070117
491,100.0,0.35497716453091166,0.03103394544942193,2026-04-08T11:14:31.471104
492,96.0,0.4527001613013132,0.04128788218942889,2026-04-08T11:14:31.671890
493,98.0,0.31331909920702367,0.029948331886069858,2026-04-08T11:14:31.950636
494,100.0,0.3920506131331017,0.03184234855736141,2026-04-08T11:14:32.159409
495,98.0,0.35555819557549073,0.03125377549099459,2026-04-08T11:14:32.371664
496,100.0,0.3258291948084113,0.027418945378255368,2026-04-08T11:14:32.644809
497,100.0,0.377661936551869,0.025824547853050533,2026-04-08T11:14:32.820949
498,98.0,0.36207893574667593,0.02792577628387146,2026-04-08T11:14:33.042021
499,98.0,0.443634440987047,0.04406504651810392,2026-04-08T11:14:33.249487
500,100.0,0.3123339643838809,0.026471106566184375,2026-04-08T11:14:33.475894
501,98.0,0.37138962977861917,0.04142152719571542,2026-04-08T11:14:33.753987
502,98.0,0.43122553035906214,0.04364164870771756,2026-04-08T11:14:33.961923
503,98.0,0.3474950163866253,0.030003252240402088,2026-04-08T11:14:34.184560
504,100.0,0.37683711803908004,0.032731535231050615,2026-04-08T11:14:34.447037
505,98.0,0.36793263684156247,0.03641259818314439,2026-04-08T11:14:34.658990
506,100.0,0.35518799761013464,0.029183196325540783,2026-04-08T11:14:34.865615
507,94.0,0.4377125094686683,0.03633312087098711,2026-04-08T11:14:35.105157
508,98.0,0.4339037933361985,0.033068977272807595,2026-04-08T11:14:35.317606
509,100.0,0.42871075489538457,0.03501048214137943,2026-04-08T11:14:35.508269
510,98.0,0.3864608704797324,0.030770348909593407,2026-04-08T11:14:35.716441
511,96.0,0.3995710719415718,0.03703520776539431,2026-04-08T11:14:35.967375
512,98.0,0.3670230175607767,0.029880117972150826,2026-04-08T11:14:36.173616
513,98.0,0.3635407458966389,0.030922466369421798,2026-04-08T11:14:36.410229
514,100.0,0.28475848162878914,0.02298278751685632,2026-04-08T11:14:36.617789
515,98.0,0.3908575521673775,0.030914464649499162,2026-04-08T11:14:36.881098
516,98.0,0.4430551529720621,0.03665296520395614,2026-04-08T11:14:37.098887
517,100.0,0.38316438638155964,0.03163061404120389,2026-04-08T11:14:37.297111
518,98.0,0.41613916194299355,0.03873704726392541,2026-04-08T11:14:37.543161
519,100.0,0.3473898594136217,0.024356552272968818,2026-04-08T11:14:37.754233
520,98.0,0.3519670161275075,0.030230226879253565,2026-04-08T11:14:37.962106
521,98.0,0.34477131565568636,0.03036616742755314,2026-04-08T11:14:38.231661
522,100.0,0.30227750365709677,0.024725841130863135,2026-04-08T11:14:38.447036
523,98.0,0.42633076253358726,0.03786201049941368,2026-04-08T11:14:38.711356
524,100.0,0.3619452683424249,0.03190577340878137,2026-04-08T11:14:38.994256
525,100.0,0.37194256692664385,0.03080093951110929,2026-04-08T11:14:39.288242
526,98.0,0.40331958675560275,0.0368913213731035,2026-04-08T11:14:39.600084
527,100.0,0.33695849612461026,0.026172268810629465,2026-04-08T11:14:39.834276
528,96.0,0.42327030919299313,0.035377491035905526,2026-04-08T11:14:40.071259
529,100.0,0.34266132252793724,0.02702709503624599,2026-04-08T11:14:40.295421
530,100.0,0.3419329190574789,0.028863879707275674,2026-04-08T11:14:40.509170
531,100.0,0.40634002739894187,0.03712403744343924,2026-04-08T11:14:40.748773
